X,Y,OBJECTID,NAME,JURISDICTI,LATDD83,LONDD83,LATDD27,LONDD27
-13389528.1992,4075948.1137,1,HERITAGE,OCS,34.350383,-120.280166,34.350392,-120.279183
-13371866.4945,4081388.672,2,HONDO,OCS,34.390723,-120.121508,34.390731,-120.120531
-13377098.0063,4079492.6436,3,HARMONY,OCS,34.376667,-120.168503,34.376675,-120.167525
-13430407.6639,4090072.3326,4,HERMOSA,OCS,34.45507,-120.647392,34.455083,-120.646389
-13434240.3309,4091969.6707,5,HARVEST,OCS,34.469123,-120.681822,34.469136,-120.680817
-13277878.73,4044591.1989,6,GINA,OCS,34.117502,-119.277202,34.117497,-119.276258
-13291678.3932,4045610.7087,7,GAIL,OCS,34.125083,-119.401166,34.125081,-119.400217
-13293720.8462,4053313.2637,8,GILDA,OCS,34.182343,-119.419514,34.182342,-119.418564
-13299205.1119,4052940.3945,9,GRACE,OCS,34.179572,-119.46878,34.179572,-119.467828
-13312593.7789,4067353.3151,10,HABITAT,OCS,34.286615,-119.589052,34.286617,-119.588094
-13307405.224,4074234.3398,11,HOGAN,OCS,34.337672,-119.542443,34.337675,-119.541486
-13308588.7246,4073872.6646,12,HOUCHIN,OCS,34.334989,-119.553074,34.334992,-119.552117
-13314280.8134,4073380.9802,13,HILLHOUSE,OCS,34.331341,-119.604207,34.331344,-119.603247
-13309510.4996,4073638.6555,14,HENRY,OCS,34.333253,-119.561355,34.333256,-119.560397
-13315307.463,4073454.057,15,A,OCS,34.331884,-119.61343,34.331886,-119.612469
-13316316.857,4073515.5412,16,B,OCS,34.33234,-119.622497,34.332342,-119.621536
-13317344.5087,4073594.146,17,C,OCS,34.332923,-119.631729,34.332925,-119.630767
-13148769.2617,3970381.4835,18,EUREKA,OCS,33.563804,-118.117392,33.563781,-118.116494
-13150074.875,3972864.657,19,ELLEN,OCS,33.582389,-118.12912,33.582367,-118.128222
-13149948.7451,3973003.0856,20,ELLY,OCS,33.583425,-118.127987,33.583403,-118.127089
-13151462.4218,3974657.8324,21,EDITH,OCS,33.595808,-118.141585,33.595786,-118.140686
-13439652.0043,4111062.3309,22,IRENE,OCS,34.610403,-120.730435,34.610419,-120.729428
-13436630.6938,4095464.3504,23,HIDALGO,OCS,34.495,-120.703295,34.495014,-120.702289
-13155932.3167,3996552.228,24,GRISSOM,State,33.75948,-118.181739,33.759461,-118.180837
-13153445.0472,3995643.5554,25,WHITE,State,33.752693,-118.159395,33.752675,-118.158495
-13151188.0911,3993924.0514,26,CHAFFEE,State,33.739849,-118.139121,33.739831,-118.138221
-13153783.9465,3994139.0427,27,FREEMAN,State,33.741455,-118.162439,33.741437,-118.161539
-13148409.2763,3991133.1357,28,ESTHER,State,33.718998,-118.114158,33.71898,-118.11326
-13142600.37,3983472.4946,29,EVA,State,33.66174,-118.061976,33.66172,-118.06108
-13140662.2172,3983531.3235,30,EMMY,State,33.662179,-118.044565,33.66216,-118.04367
-13347925.6257,4081260.5763,31,HOLLY,State,34.389773,-119.906444,34.389778,-119.905472
-13296600.7956,4075531.5648,32,RINCON ISLAND,State,34.347293,-119.445385,34.347296,-119.444432
